sitename,FeedURL,Category
新着ソフトレビュー - Vectorのデイリーフィード - DailyFeed,http://dailyfeed.jp/feed/5051.rss,IT
InfoQ,http://www.infoq.com/jp/rss/rss.action?token=pevz4gBq76yajjnnDdPjcL7fCRL9P12M,IT
@IT Test & Toolsフォーラム 最新記事一覧,https://rss.itmedia.co.jp/rss/2.0/ait_testtools.xml,IT
@IT Security&Trustフォーラム 最新記事一覧,https://rss.itmedia.co.jp/rss/2.0/ait_security.xml,IT
OSDN: Open Source Development Networkのデイリーフィード - DailyFeed,http://dailyfeed.jp/feed/5048.rss,IT
IT（情報技術） - 日経 xTECH（クロステック）,https://tech.nikkeibp.co.jp/rss/xtech-it.rdf,IT
@IT Master of IP Networkフォーラム 最新記事一覧,https://rss.itmedia.co.jp/rss/2.0/ait_network.xml,IT
PC Watchのデイリーフィード - DailyFeed,http://feeds.dailyfeed.jp/feed/s/21/482.rss,IT
@IT Database Expertフォーラム 最新記事一覧,https://rss.itmedia.co.jp/rss/2.0/ait_db.xml,IT
バズ部,https://bazubu.com/feed,IT
タグ「IT」を検索 - はてなブックマーク,http://b.hatena.ne.jp/search/tag?q=IT&users=50&mode=rss,IT
PCパーツまとめ,http://blog.livedoor.jp/bluejay01-review/index.rdf,IT
@IT Smart & Socialフォーラム 最新記事一覧,https://rss.itmedia.co.jp/rss/2.0/ait_smart.xml,IT
Linux.com Japan RSS,https://jp.linux.com/index.php?option=com_ninjarsssyndicator&feed_id=1&format=raw,IT
気になる、記になる…,https://taisy0.com/feed,IT
はてなブックマーク - 人気エントリー - テクノロジー,http://b.hatena.ne.jp/hotentry/it.rss,IT
VRDAフィード：脆弱性脅威分析用情報の定型データ配信のデイリーフィード - DailyFeed,http://dailyfeed.jp/feed/7245.rss,IT
マイナビニュース 企業IT,https://news.mynavi.jp/rss/business/enterprise.xml,IT
@IT 自分戦略研究所フォーラム 最新記事一覧,https://rss.itmedia.co.jp/rss/2.0/ait_jibun.xml,IT
ロボスタ,https://robotstart.info/feed,IT
Engadget Japaneseのデイリーフィード - DailyFeed,http://dailyfeed.jp/feed/154.rss,IT
マイナビニュース パソコン,https://news.mynavi.jp/rss/digital/pc.xml,IT
@IT System Designフォーラム 最新記事一覧,https://rss.itmedia.co.jp/rss/2.0/ait_systemdesign.xml,IT
@IT 全フォーラム 最新記事一覧,https://rss.itmedia.co.jp/rss/2.0/ait.xml,IT
ITmedia 総合記事一覧,https://rss.itmedia.co.jp/rss/2.0/itmedia_all.xml,IT
ビジネス+IT 最新ニュース,https://www.sbbit.jp/index2.rss,IT
SNSマーケティングの情報ならソーシャルメディアラボ【Gaiax】,https://gaiax-socialmedialab.jp/feed/,IT
MOONGIFT,http://feeds.feedburner.com/moongift,IT
いいモノ発見！フリーソフト,http://www.click-assist.com/blog/xml-rss2.php?blogid=1,IT
Techable（テッカブル）,http://techable.jp/feed,IT
カグア！Google Analytics 活用塾:事例や使い方,http://www.kagua.biz/feed,IT
WEBマーケティング ブログ,http://feeds.feedburner.com/web-marketing/feed,IT
TechAcademyマガジン,http://techacademy.jp/magazine/feed/,IT
Tech Wave,http://techwave.jp/index.rdf,IT
情報システムリーダーのためのIT情報専門サイト IT Leaders,http://it.impressbm.co.jp/list/feed/rss,IT
Google Mania - グーグルの便利な使い方,http://feeds.feedburner.com/google-mania/iLyZ,IT
Microsoft Azure Blog,https://azurecomcdn.azureedge.net/en-gb/blog/feed/,Azure
S/N Ratio (by SATO Naoki),https://satonaoki.wordpress.com/feed/,Azure
Cloud and Server Product Japan Blog,https://blogs.technet.microsoft.com/mssvrpmj/feed/,Azure
Windowsインフラ管理者への道,http://ebi.dyndns.biz/windowsadmin/feed/,Azure
AWS News Blog,https://aws.amazon.com/blogs/aws/feed,AWS
AWS Architecture Blog,https://aws.amazon.com/blogs/architecture/feed,AWS
AWS Partner Network (APN) Blog,https://aws.amazon.com/blogs/apn/feed,AWS
AWS Marketplace,https://aws.amazon.com/blogs/awsmarketplace/feed,AWS
AWS Big Data Blog,https://aws.amazon.com/blogs/big-data/feed,AWS
AWS Compute Blog,https://aws.amazon.com/blogs/compute/feed,AWS
AWS Database Blog,https://aws.amazon.com/blogs/database/feed,AWS
AWS Desktop and Application Streaming Blog,https://aws.amazon.com/blogs/desktop-and-application-streaming/feed,AWS
AWS Developer Blog,https://aws.amazon.com/blogs/developer/feed,AWS
AWS DevOps Blog,https://aws.amazon.com/blogs/devops/feed,AWS
AWS Cloud Enterprise Strategy Blog,https://aws.amazon.com/blogs/enterprise-strategy/feed,AWS
AWS Game Tech Blog,https://aws.amazon.com/blogs/gametech/feed,AWS
AWS The Internet of Things Blog,https://aws.amazon.com/blogs/iot/feed,AWS
AWS Machine Learning Blog,https://aws.amazon.com/blogs/machine-learning/feed,AWS
AWS Management Tools Blog,https://aws.amazon.com/blogs/mt/feed,AWS
AWS Media Blog,https://aws.amazon.com/blogs/media/feed,AWS
AWS Messaging and Targeting Blog,https://aws.amazon.com/blogs/messaging-and-targeting/feed,AWS
AWS Mobile Blog,https://aws.amazon.com/blogs/mobile/feed,AWS
AWS Networking and Content Delivery,https://aws.amazon.com/blogs/networking-and-content-delivery/feed,AWS
AWS Open Source Blog,https://aws.amazon.com/blogs/opensource/feed,AWS
"AWS Government, Education, and Nonprofits Blog",https://aws.amazon.com/blogs/publicsector/feed,AWS
AWS for SAP,https://aws.amazon.com/blogs/awsforsap/feed,AWS
AWS Security Blog,https://aws.amazon.com/blogs/security/feed,AWS
AWS Startups Blog,https://aws.amazon.com/blogs/startups/feed,AWS
AWS Japan Blog,https://aws.amazon.com/jp/blogs/news/feed,AWS
AWS Podcast,https://d3gih7jbfe3jlq.cloudfront.net/aws-podcast.rss,AWS
AWS,https://www.youtube.com/feeds/videos.xml?user=AmazonWebServices,AWS
AWS - Webinar Channel,https://www.youtube.com/feeds/videos.xml?user=AWSwebinars,AWS
AWS - Japan,https://www.youtube.com/feeds/videos.xml?user=AmazonWebServicesJP,AWS
Amazon Linux Security Center,https://alas.aws.amazon.com/alas.rss,AWS
Google Developer Japan Blog,http://feeds.feedburner.com/GoogleJapanDeveloperRelationsBlog,GCP
Google Cloud Platform Japan 公式ブログ,http://feeds.feedburner.com/GoogleCloudPlatformJapanBlog,GCP
Official Google Blog,http://googleblog.blogspot.com/atom.xml,GCP
Google Japan Blog,http://googlejapan.blogspot.com/feeds/posts/default,GCP
[全てのタグ]の新着質問一覧｜teratail（テラテイル）のデイリーフィード - DailyFeed,https://feeds.dailyfeed.jp/feed/s/22/928.rss,Program
POSTD,https://postd.cc/feed/,Program
@IT Linux＆OSSフォーラム 最新記事一覧,https://rss.itmedia.co.jp/rss/2.0/ait_linux.xml,Program
JavaScriptタグが付けられた新着投稿 - Qiita,https://qiita.com/tags/javascript/feed,Program
@IT Java Agileフォーラム 最新記事一覧,https://rss.itmedia.co.jp/rss/2.0/ait_java.xml,Program
ruby-langの最新ニュース,https://www.ruby-lang.org/ja/feeds/news.rss,Program
@IT Coding Edgeフォーラム 最新記事一覧,https://rss.itmedia.co.jp/rss/2.0/ait_coding.xml,Program
@IT HTML5 + UXフォーラム 最新記事一覧,https://rss.itmedia.co.jp/rss/2.0/ait_ux.xml,Program
コリス,https://coliss.com/feed/,Program
Pythonタグが付けられた新着投稿 - Qiitaのデイリーフィード - DailyFeed,https://feeds.dailyfeed.jp/feed/s/22/948.rss,Program
CodeZine,https://codezine.jp/rss/new/20/index.xml,Program
jsタグが付けられた新着投稿 - Qiitaのデイリーフィード - DailyFeed,https://feeds.dailyfeed.jp/feed/s/22/953.rss,Program
lambdaタグが付けられた新着投稿 - Qiita,https://qiita.com/tags/lambda/feed.atom,Program
Ubuntuタグが付けられた新着投稿 - Qiitaのデイリーフィード - DailyFeed,https://feeds.dailyfeed.jp/feed/s/22/952.rss,Program
AWSタグが付けられた新着投稿 - Qiita,https://qiita.com/tags/aws/feed,Program
dotHTML5,http://feeds.feedburner.com/dotHTML5?format=xml,Program
Rubyタグが付けられた新着投稿 - Qiitaのデイリーフィード - DailyFeed,https://feeds.dailyfeed.jp/feed/s/22/951.rss,Program
gcpタグが付けられた新着投稿 - Qiitaのデイリーフィード - DailyFeed,https://feeds.dailyfeed.jp/feed/s/22/944.rss,Program
CentOSタグが付けられた新着投稿 - Qiitaのデイリーフィード - DailyFeed,https://feeds.dailyfeed.jp/feed/s/22/943.rss,Program
Goタグが付けられた新着投稿 - Qiitaのデイリーフィード - DailyFeed,https://feeds.dailyfeed.jp/feed/s/22/950.rss,Program
dockerタグが付けられた新着投稿 - Qiitaのデイリーフィード - DailyFeed,https://feeds.dailyfeed.jp/feed/s/22/949.rss,Program
Azureタグが付けられた新着投稿 - Qiitaのデイリーフィード - DailyFeed,https://feeds.dailyfeed.jp/feed/s/22/945.rss,Program
Gitタグが付けられた新着投稿 - Qiitaのデイリーフィード - DailyFeed,https://feeds.dailyfeed.jp/feed/s/22/946.rss,Program
Railsタグが付けられた新着投稿 - Qiitaのデイリーフィード - DailyFeed,https://feeds.dailyfeed.jp/feed/s/22/947.rss,Program
JSer.info,http://jser.info/rss,Program
MonotaRO Tech Blog,https://tech-blog.monotaro.com/feed,技術系ブログ等
TECH BLOG,https://www.terrasky.co.jp/blog/feed.xml,技術系ブログ等
KAYAC engineers' blog,https://techblog.kayac.com/rss,技術系ブログ等
pixiv inside [archive],https://devpixiv.hatenablog.com/rss,技術系ブログ等
Mercari Engineering Blog,https://tech.mercari.com/feed,技術系ブログ等
Developers.IO,http://dev.classmethod.jp/feed/,技術系ブログ等
クックパッド開発者ブログ,http://techlife.cookpad.com/feed/,技術系ブログ等
漢(オトコ)のコンピュータ道,http://nippondanji.blogspot.com/feeds/posts/default,技術系ブログ等
サイバーエージェント 公式エンジニアブログ,http://feedblog.ameba.jp/rss/ameblo/principia-ca/rss20.xml,技術系ブログ等
Cisco セキュリティ エンジニアのブログ,https://learningnetwork.cisco.com/blogs/jp-security/feeds/posts,技術系ブログ等
mixi Engineers' Blog,http://alpha.mixi.co.jp/atom.xml,技術系ブログ等
Geekなぺーじ,http://www.geekpage.jp/rss.php,技術系ブログ等
情報考学 Passion For The Future,http://www.ringolab.com/note/daiya/atom.xml,技術系ブログ等
Hatena::Engineering,http://d.hatena.ne.jp/hatenatech/rss,技術系ブログ等
Technology of DeNA,http://engineer.dena.jp/atom.xml,技術系ブログ等
VOYAGE GROUP　エンジニアブログ,http://tech.voyagegroup.com/atom.xml,技術系ブログ等
404 Blog Not Found,http://blog.livedoor.jp/dankogai/index.rdf,技術系ブログ等
Yahoo! JAPAN Tech Blog,http://techblog.yahoo.co.jp/index.xml,技術系ブログ等
livedoor Techブログ,http://blog.livedoor.jp/techblog/atom.xml,技術系ブログ等
Ars Technica,http://feeds.arstechnica.com/arstechnica/index,海外TECH
MakeUseOf,http://feeds.feedburner.com/Makeuseof,海外TECH
DEV Communityのデイリーフィード - DailyFeed,https://feeds.dailyfeed.jp/feed/s/22/954.rss,海外TECH
AppleInsider - Frontpage News,http://appleinsider.com/rss/news/,海外TECH
Echo JS,http://www.echojs.com/rss,海外TECH
ReadWriteWeb,http://feeds.feedburner.com/readwriteweb,海外TECH
Engadget,http://www.engadget.com/rss.xml,海外TECH
The Apache Software Foundation Blog,https://blogs.apache.org/foundation/feed/entries/atom,海外TECH
Docker Blog,http://blog.docker.io/feed/,海外TECH
DailyJS,http://feeds.feedburner.com/dailyjs,海外TECH
Network World,http://www.networkworld.com/rss/netflash.xml,海外TECH
Raspberry Pi,http://www.raspberrypi.org/feed,海外TECH
Linux Journal,http://www.linuxjournal.com/node/feed,海外TECH
Java Code Geeks,http://feeds.feedburner.com/JavaCodeGeeks,海外TECH
AWS Security Blog,http://blogs.aws.amazon.com/security/blog/feed/recentPosts.rss,海外TECH
nginx news,http://nginx.org/index.rss,海外TECH
Cisco Blog,http://blogs.cisco.com/feed/,海外TECH
CodeProject Latest Articles,http://www.codeproject.com/webservices/articlerss.aspx?cat=1,海外TECH
OMG! Ubuntu!,http://feeds.feedburner.com/d0od,海外TECH
All Top News -- ScienceDaily,http://feeds.sciencedaily.com/sciencedaily/top_news/top_science,科学
NYT > Science,http://rss.nytimes.com/services/xml/rss/nyt/Science.xml,科学
開放特許情報DBの更新のデイリーフィード - DailyFeed,https://feeds.dailyfeed.jp/feed/s/22/913.rss,科学
WIRED VISIONのデイリーフィード - DailyFeed,http://dailyfeed.jp/feed/1318.rss,科学
BBC News - Science & Environment,http://feeds.bbci.co.uk/news/science_and_environment/rss.xml,科学
アストロアーツ,http://www.astroarts.co.jp/rss/update-j.xml,科学
シルバー産業新聞ウェブサイト『ケアニュース』,http://www.care-news.jp/atom.xml,医療系
内科開業医のお勉強日記,http://kaigyoi.blogspot.com/feeds/posts/default?alt=rss,医療系
メディカルオンライン 海外ジャーナルレビュー,http://www.medicalonline.jp/rss/newjournal.atom,医療系
医療介護 CBnews,https://www.cbnews.jp/rss/news.xml,医療系
◇◇　保険デイリーニュース　◇◇（損保担当者必携！）,http://www.yanaharu.com/ins/?feed=rss2,金融
金融総合：経済レポート一覧のデイリーフィード - DailyFeed,https://feeds.dailyfeed.jp/feed/s/22/921.rss,金融
生命保険協会,http://www.seiho.or.jp/info/feed/rss.xml,金融
ニッセイ基礎研究所,https://www.nli-research.co.jp/rss/?data_format=xml&site=nli,金融
日本銀行：RSSのデイリーフィード - DailyFeed,http://dailyfeed.jp/feed/9761.rss,金融
レポート｜日本総研のデイリーフィード - DailyFeed,https://feeds.dailyfeed.jp/feed/s/22/919.rss,金融
金融資本市場分析 | 大和総研グループ,https://www.dir.co.jp/feed/capital-mkt.atom,金融
JPX マーケットニュースのデイリーフィード - DailyFeed,https://feeds.dailyfeed.jp/feed/s/22/918.rss,金融
finAsol,http://www.fina-sol.com/feed,金融
金融庁ホームページのデイリーフィード - DailyFeed,https://feeds.dailyfeed.jp/feed/s/22/915.rss,金融
RSS FILE - 日本証券業協会のデイリーフィード - DailyFeed,https://feeds.dailyfeed.jp/feed/s/22/917.rss,金融
QUICK Money World - マーケット・金融・投資のデイリーフィード - DailyFeed,https://feeds.dailyfeed.jp/feed/s/22/927.rss,金融
Yahoo!保険 - 保険通信,https://insurance.yahoo.co.jp/column/rss/index.xml,金融
みずほ総合研究所 | RSS【調査リポート】,http://rss.mizuho-ri.co.jp/rss?site=M5MSJU2K&item=2,金融
日本損害保険協会,http://www.sonpo.or.jp/rss/,金融
ニュース - 保険市場TIMES,https://www.hokende.com/news/blog/feed/category/%E3%83%8B%E3%83%A5%E3%83%BC%E3%82%B9,金融
生命保険おすすめ比較ニュースアンテナ waiwainews,http://seiho.waiwainews.net/feed,金融
article ? The Finance,https://thefinance.jp/tag/article/feed,金融
ニュース＆トピックス : 全銀協,https://www.zenginkyo.or.jp/news/rss/,金融
Japan Times latest articlesのデイリーフィード - DailyFeed,http://dailyfeed.jp/feed/16528.rss,ニュース
みんなの経済新聞のデイリーフィード - DailyFeed,https://feeds.dailyfeed.jp/feed/s/22/912.rss,ニュース
スラド,https://srad.jp/sradjp.rss,ニュース
YOMIURI ONLINE（読売新聞）主要ニュースのデイリーフィード - DailyFeed,http://dailyfeed.jp/feed/4097.rss,ニュース
国際ニュース - CNN.co.jpのデイリーフィード - DailyFeed,http://feeds.dailyfeed.jp/feed/s/5/720.rss,ニュース
MSN産経ニュース - 注目のデイリーフィード - DailyFeed,http://dailyfeed.jp/feed/913.rss,ニュース
ジェトロ ビジネスニュース（通商弘報）のデイリーフィード - DailyFeed,http://dailyfeed.jp/feed/5050.rss,ニュース
くらべる一面 ： 新ｓ あらたにす（日経・朝日・読売）のデイリーフィード - DailyFeed,http://dailyfeed.jp/feed/5127.rss,ニュース
Reuters: ワールドのデイリーフィード - DailyFeed,http://dailyfeed.jp/feed/5851.rss,ニュース
@日本経済新聞 電子版,http://feed.exileed.com/twitter/feed/nikkei,ニュース
NIKKEI NET：主要のデイリーフィード - DailyFeed,http://feeds.dailyfeed.jp/feed/370.rss,ニュース
BITPRESS（ビットプレス）のデイリーフィード - DailyFeed,https://feeds.dailyfeed.jp/feed/s/22/926.rss,ニュース
asahi.comのデイリーフィード - DailyFeed,http://dailyfeed.jp/feed/211.rss,ニュース
ニュース速報（総合）のデイリーフィード - DailyFeed,https://feeds.dailyfeed.jp/feed/s/22/925.rss,ニュース
ニュース速報(総合) - 毎日ｊｐ(毎日新聞)のデイリーフィード - DailyFeed,http://dailyfeed.jp/feed/440.rss,ニュース
日刊工業新聞社　BusinessLineのデイリーフィード - DailyFeed,https://feeds.dailyfeed.jp/feed/s/7/431.rss,ニュース
Reuters: ビジネスのデイリーフィード - DailyFeed,http://dailyfeed.jp/feed/5850.rss,ニュース
BBC News - Home,http://feeds.bbci.co.uk/news/rss.xml,ニュース
がらくたGallery,http://garakuta.oops.jp/wordpress/?feed=rss2,ニュース
日経ビジネス電子版　最新記事,https://business.nikkei.com/rss/all_nb.rdf,詳細記事
ダイヤモンド・オンライン - 新着記事,http://diamond.jp/list/feed/rss/dol,詳細記事
Japan ニュース,http://www.huffingtonpost.com/feeds/verticals/japan/news.xml,詳細記事
ロイター: テクノロジー,http://feeds.reuters.com/reuters/JPTechnologyNews,詳細記事
Newsweek 最新記事のデイリーフィード - DailyFeed,http://dailyfeed.jp/feed/5852.rss,ビジネス
電通報 | 広告業界動向とマーケティングのコラム・ニュース,https://dentsu-ho.com/dentsu-ho.rss,ビジネス
経済産業省のデイリーフィード - DailyFeed,http://dailyfeed.jp/feed/7076.rss,ビジネス
マイナビニュース ビジネス,https://news.mynavi.jp/rss/business/biz.xml,ビジネス
PRESIDENT Online：「仕事人×生活人」のための問題解決塾のデイリーフィード - DailyFeed,http://dailyfeed.jp/feed/13960.rss,ビジネス
ダイヤモンド・オンライン - 新着記事のデイリーフィード - DailyFeed,http://feeds.dailyfeed.jp/feed/s/13/218.rss,ビジネス
MarkeZineのデイリーフィード - DailyFeed,http://dailyfeed.jp/feed/1260.rss,ビジネス
nikkei BPnet 最新記事一覧のデイリーフィード - DailyFeed,http://dailyfeed.jp/feed/1243.rss,ビジネス
東洋経済オンライン｜新世代リーダーのためのビジネスサイトのデイリーフィード - DailyFeed,http://dailyfeed.jp/feed/15889.rss,ビジネス
NBonline（日経ビジネス オンライン）：経営分野のデイリーフィード - DailyFeed,http://feeds.dailyfeed.jp/feed/781.rss,ビジネス
nikkei BPnet 「建設」最新記事一覧のデイリーフィード - DailyFeed,http://dailyfeed.jp/feed/5063.rss,ビジネス
東洋経済オンライン｜新世代リーダーのためのビジネスサイトのデイリーフィード - DailyFeed,http://feeds.dailyfeed.jp/feed/s/15/889.rss,ビジネス
ビズ部,http://kigyou-no1.com/feed,ビジネス
不景気.com,http://www.fukeiki.com/atom.xml,ビジネス
帝国データバンク 大型倒産速報,http://www.tdb.co.jp/rss/jouhou.rdf,ビジネス
ライフハッカー［日本版］,http://feeds.lifehacker.jp/rss/lifehacker/index.xml,LifeHuck
札幌経済新聞のデイリーフィード - DailyFeed,http://dailyfeed.jp/feed/5067.rss,北海道
北海道発・北海道ポータルサイト「なまら北海道」のデイリーフィード - DailyFeed,http://dailyfeed.jp/feed/5082.rss,北海道
北海道新聞のデイリーフィード - DailyFeed,http://dailyfeed.jp/feed/912.rss,北海道
北海道の公式ホームページのデイリーフィード - DailyFeed,http://dailyfeed.jp/feed/5066.rss,北海道
新着情報／ 京都市情報館のデイリーフィード - DailyFeed,http://dailyfeed.jp/feed/5064.rss,関西
烏丸経済新聞,https://karasuma.keizai.biz/rss.xml,関西
京都府ホームページ 新着情報のデイリーフィード - DailyFeed,https://feeds.dailyfeed.jp/feed/s/22/910.rss,関西
京都大学のデイリーフィード - DailyFeed,http://dailyfeed.jp/feed/5065.rss,関西
ラーブロ,http://feeds2.feedburner.com/rablo,サブカルネタ
話題の画像　-　ついっぷるトレンド,https://tr.twipple.jp/rss/gazou.xml,サブカルネタ
京都おいないグルメ道,http://kotoyuujin.com/feed/,サブカルネタ
TED,http://www.youtube.com/feeds/videos.xml?channel_id=UCAuUUnT6oDeKwE6v1NGQxug,YouTube Channels
google,http://www.youtube.com/feeds/videos.xml?channel_id=UCK8sQmJBp8GCxrOtXWBpyEA,YouTube Channels
